{
"chiba" : [35.605057,140.123306],
"gifu" : [35.423298,136.760654],
"kyoto" : [35.011636,135.768029],
"osaka" : [34.693738,135.502165],
"shizuoka" : [34.975562,138.382760],
"tokyo" : [35.689487,139.691706],
"yokohama" : [35.443708 , 139.638026],
"kobe" : [34.690083 , 135.195511],
"nagano" : [36.648550 , 138.194243],
"hongkong" : [22.396428 , 114.109497],
"shanghai" : [31.230393 , 121.473704],
"beijing" : [39.904030 , 116.407526],
"seoul" : [37.566535, 126.977969],
"pusan" : [35.179554 , 129.075642],
"singapore" : [1.352083 , 103.819836],
"jakarta" : [-6.211544 , 106.845172],
"saigon" : [10.746903 , 106.676292],
"manila" : [14.599512 , 120.984219],
"mumbai" : [19.075984 , 72.877656],
"karachi" : [24.893379 , 67.028061],
"taipei" : [25.091075 , 121.559834],
"bangkok" : [13.752222 , 100.493889],
"kathmandu" : [27.700000 , 85.333333],
"chengdu" : [30.658601 , 104.064856]
}
